,UserScreenName,UserName,Timestamp,Text,Embedded_text,Emojis,Comments,Likes,Retweets,Image link,Tweet URL
0,SportsCenter,@SC_ESPN,2021-09-02T22:56:39.000Z,"¬°Lo grita F√©lix Torres, lo grita todo Ecuador! La Tri de Alfaro sue√±a en grande con el Mundial de #Qatar2022.",,,7,208,1.2K,['https://pbs.twimg.com/media/E-ULRhrVQAwqKyf?format=jpg&name=small'],https://twitter.com/SC_ESPN/status/1433564559046955008
1,Teleamazonas,@teleamazonasec,2021-09-02T22:57:03.000Z,#AHORA | Final del partido. ‚ÄòLa Tri‚Äô suma otra victoria en el estadio Rodrigo Paz Delgado en #Quito.  #Ecuador 2 vs 0  #Paraguay,,,9,110,475,['https://pbs.twimg.com/media/E-ULdXMWYAAVZYo?format=jpg&name=small'],https://twitter.com/teleamazonasec/status/1433564657197912068
2,La Tri,@LaTri,2021-09-02T23:03:04.000Z," ¬°Gr√≠talo con el alma #F√©lixTorres! 

#JuntosConLaTri",,üòç,29,267,2.2K,['https://pbs.twimg.com/media/E-UM1MaVkAAoiFs?format=jpg&name=small'],https://twitter.com/LaTri/status/1433566174139146241
3,A. Gabilondo,@AS_AGabilondo,2021-09-02T22:35:46.000Z,Byron Castillo. Debut espectacular del lateral derecho de Ecuador. Ya hab√≠amos hablado maravillas de √©l anteriormente. Pintaza. #Qatar2022,,,7,123,393,[],https://twitter.com/AS_AGabilondo/status/1433559300782247942
4,La Tri,@LaTri,2021-09-02T22:54:25.000Z," 94‚Äô ¬°GOOOOOOOLAZOOOOOOO MICHAAAEEL GOLAZOOOOOO! 

 #ECU 2  0 #PAR      
 #ClasificatoriaQatar2022
 Fecha 9
 Rodrigo Paz Delgado 

#VamosEcuador ",,‚è∞ ‚öΩ üÜö üèÜ üóì üèü,39,165,738,['https://pbs.twimg.com/ext_tw_video_thumb/1433563877266972676/pu/img/mhzP0LE4GDNRy1vM.jpg'],https://twitter.com/LaTri/status/1433563997479981058
5,La Tri,@LaTri,2021-09-02T22:48:04.000Z," 87‚Äô ¬°GOOOOOOOOOOOOOOOOOOOOL FELIX CARAJOOOOOOO GOOOOOOL! 

 #ECU 1  0 #PAR     
 #ClasificatoriaQatar2022
 Fecha 9
 Rodrigo Paz Delgado 

#VamosEcuador ",,‚è∞ ‚öΩ üÜö üèÜ üóì üèü,36,191,771,['https://pbs.twimg.com/ext_tw_video_thumb/1433562298019246081/pu/img/vSBs9y7kQgLPvca8.jpg'],https://twitter.com/LaTri/status/1433562399445958656
6,Pablo Eguiguren,@paeguiguren,2021-09-02T20:58:15.000Z,"Notable trabajo de 
@TheEconomist
 : estimaci√≥n de exceso de mortalidad por 100 mil habitantes, ajustada por demograf√≠a:
 Per√∫ 620
 Bolivia 453
 Ecuador 441
 Colombia 306
 Argentina 304
 Paraguay 293
 Brasil 282
 Venezuela 191
 Chile 131
 Uruguay 54",,,23,309,487,['https://pbs.twimg.com/media/E-Tsb75UUAMrwtv?format=png&name=small'],https://twitter.com/paeguiguren/status/1433534761335595009
7,Daniel Reinoso,@dnra10,2021-09-02T23:00:58.000Z,"Acabo de cantar dos goles del Ecuador, ACABO DE CANTAR DOS GOLES DE ECUADOR HP",,,11,26,784,['https://pbs.twimg.com/media/E-UMWPcVcAA4rT8?format=jpg&name=small'],https://twitter.com/dnra10/status/1433565642884591616
8,MisterChip (Alexis),@2010MisterChip,2021-09-02T23:06:09.000Z,ECU 2-0 PAR (FT) - Enorme triunfo de Ecuador ante una selecci√≥n que llevaba 5 partidos seguidos sin perder fuera de casa en Eliminatorias. Con 12 puntos en 7 partidos (como ahora tiene Ecuador) se clasificaron para la Copa del Mundo 6 de 8 selecciones (75%) en CONMEBOL.,,,75,719,4.5K,[],https://twitter.com/2010MisterChip/status/1433566949989097475
9,Aristiz√°bal TV,@aristizabaltvec,2021-09-02T22:57:38.000Z," As√≠ fue el gol de F√©lix Torres para el 1-0 de Ecuador a Paraguay en Quito al minuto 88.

#EliminatoriasQatar2022
#EliminatoriasSudamericanas 
@Cupsfire_gye","From 
T.",üåê ‚öΩ,1,49,165,['https://pbs.twimg.com/ext_tw_video_thumb/1433562150312701953/pu/img/hA2eTQNpvPzGFE2A.jpg'],https://twitter.com/aristizabaltvec/status/1433564804304748546
10,dome,@domkams,2021-09-02T22:57:02.000Z,"ECUADOR AMAZ√ìNICO DESDE SIEMPRE Y HASTA SIEMPRE, VIVA LA PATRIA!",,ü•Ä,,21,29,[],https://twitter.com/domkams/status/1433564654396076033
11,En Los Valles,@en_losvalles,2021-09-02T23:36:29.000Z," ELIMINATORIAS MUNDIAL QATAR 2022

Ecuador gan√≥ 2-0 a Paraguay en la fecha 7 de las eliminatorias sudamericanas.

Los goles llegaron en los cinco minutos finales. 
#EliminatoriasSudamericanas #Ecuador",,üî¥ üí™ ‚öΩ,,5,5,['https://pbs.twimg.com/ext_tw_video_thumb/1433574407256125443/pu/img/Ylr-JdV9AlqrWL51.jpg'],https://twitter.com/en_losvalles/status/1433574583722991618
12,GyHoy juega la Tri,@lightsup_styles,2021-09-02T22:58:28.000Z,"El d√≠a de hoy ha ganado la patria de todos!

La Tri se merece lo mejor!",,üßà üê∞ ü•≥ üíó,,13,34,['https://pbs.twimg.com/media/E-ULxyYVQBMSQh4?format=jpg&name=small'],https://twitter.com/lightsup_styles/status/1433565016045785091
13,Todos los Deportes en un solo sitio,@GolEcuador,2021-09-02T22:47:46.000Z,"¬°Gooooooooooooooooooooooooooooooooooooool de la Tri!

F√©lix Torres pone la primera para  sobre .

Ecuador   -    Paraguay 

#EliminatoriasSudamericanas",,,,,2,['https://pbs.twimg.com/media/E-UJVL7UYAYW6g1?format=jpg&name=small'],https://twitter.com/GolEcuador/status/1433562321956208643
14,Metro Ecuador,@MetroEcuador,2021-09-02T22:34:39.000Z," Ecuador 0  Paraguay  0

Fecha 9 #ClasificatoriaQatar2022 

Estadio  Rodrigo Paz Delgado 

 La Albirroja tiene pocas llegadas en este segundo tiempo.",,üÜö üóì üèÜ ‚öΩ üèü ‚è±,,,2,[],https://twitter.com/MetroEcuador/status/1433559019436720128
15,Metro Ecuador,@MetroEcuador,2021-09-02T21:19:23.000Z," Ecuador 0   Paraguay  0

 Fecha 9   #ClasificatoriaQatar2022 

Estadio  Rodrigo Paz Delgado 

 06 Primer cambio en Paraguay: 

 Ingres√≥ Robert Rojas
Sali√≥  Alberto Esp√≠nola",,üÜö üóì üèÜ ‚öΩ üèü ‚è± ‚û° ‚¨Ö,,2,2,[],https://twitter.com/MetroEcuador/status/1433540080065413121
16,Metro Ecuador,@MetroEcuador,2021-09-02T23:00:22.000Z," Ecuador 2  Paraguay  0

Fecha 9 #ClasificatoriaQatar2022 

Estadio  Rodrigo Paz Delgado 

¬°Fin del cotejo! Y la Tricolor ilusiona ",,üÜö üóì üèÜ ‚öΩ üèü ‚è± üíõ üíô ‚ù§,,1,5,[],https://twitter.com/MetroEcuador/status/1433565492338253826
17,Metro Ecuador,@MetroEcuador,2021-09-02T21:02:50.000Z," Ecuador  Paraguay 

 Fecha 9 

 #ClasificatoriaQatar2022 

Estadio  Rodrigo Paz Delgado 

 ¬°Arranca el partido!",,üÜö üóì üèÜ ‚öΩ üèü ‚è±,,1,2,[],https://twitter.com/MetroEcuador/status/1433535913842274327
18,Metro Ecuador,@MetroEcuador,2021-09-02T22:32:56.000Z," Ecuador 0  Paraguay  0

Fecha 9 #ClasificatoriaQatar2022 

Estadio  Rodrigo Paz Delgado 

 27' √Ångel Mena vuelve a perder una importante oportunidad de gol.",,üÜö üóì üèÜ ‚öΩ üèü ‚è±,,,3,[],https://twitter.com/MetroEcuador/status/1433558587985436673
19,pola || HOY GAN√ì LA TRI,@taegitop,2021-09-02T23:19:46.000Z,BUSCO MUTUALS DE ECUADOR,,ü¶ï,4,16,70,['https://pbs.twimg.com/media/E-UQqQgXsAQre_G?format=jpg&name=small'],https://twitter.com/taegitop/status/1433570376618024962
20,Fabricio Rodr√≠guez Y√°nez,@LFabricioRY,2021-09-02T23:23:48.000Z,Ese ni√±o representa a todo el Ecuador tras la victoria de la Tri.  #Ecuador #EliminatoriasQatar2022 #EliminatoriasSudamericanas,,üç´ ‚ù§,1,31,111,['https://pbs.twimg.com/ext_tw_video_thumb/1433571324572618753/pu/img/nan76ySs64W4gHTd.jpg'],https://twitter.com/LFabricioRY/status/1433571388401594377
21,Havoline Deportivo,@havolinedeport,2021-09-02T21:54:27.000Z,"¬øQui√©n fue el mejor del primer tiempo?

#EliminatoriasQatar2022 #Ecuador #Paraguay",,ü§î ‚öΩ üèü,,,2,['https://pbs.twimg.com/media/E-T9ISOVcAE8uAa?format=jpg&name=small'],https://twitter.com/havolinedeport/status/1433548903216033794
22,Patricio Donoso,@DonosoEcuador,2021-09-02T21:39:07.000Z,"¬°Juntos generaremos nuevas oportunidades para los ecuatorianos! 
Nuestro Gobierno tiene el compromiso de hacer cosas innovadoras que atiendan las necesidades de los informales, desempleados y subempleados porque ellos merecen tener una vida digna.
#100PrimerosD√≠asJuntos",,üôå üö∂,,11,17,['https://pbs.twimg.com/ext_tw_video_thumb/1433544657942691843/pu/img/kE_k6Fhz0WCp-jYr.jpg'],https://twitter.com/DonosoEcuador/status/1433545046217805827
23,Metro Ecuador,@MetroEcuador,2021-09-02T21:49:47.000Z,"¬°Fin del primer tiempo!  
#Ecuador  0 - 0  #Paraguay
¬øC√≥mo vio el desempe√±o de la ‚ÄòTri‚Äô en esta primera parte?",,‚öΩ,1,1,1,['https://pbs.twimg.com/media/E-T8Cz8VcCsk30t?format=jpg&name=small'],https://twitter.com/MetroEcuador/status/1433547729293111322
24,Helloseok‚ô°‚Å∑ STEREOTYPE‚ùÅ,@helloseok9,2021-09-02T22:59:43.000Z,"Joder que lindo ver esto 
Ecuador supremacy",,ü¶ï,,37,141,['https://pbs.twimg.com/media/E-UL71_VkAM1Q50?format=png&name=small'],https://twitter.com/helloseok9/status/1433565327611228169
25,Riesgos Ecuador,@Riesgos_Ec,2021-09-02T20:55:00.000Z,"#9MillonesDeGracias | 
@Salud_CZ2
 es parte de este hito hist√≥rico del
#GobiernoDelEncuentro.
 
#JuntosLoLogramos
#100PrimerosD√≠asJuntos",,,,2,2,"['https://pbs.twimg.com/media/E-TrjFNVcAgbYs4?format=jpg&name=360x360', 'https://pbs.twimg.com/media/E-TrjnXVIAcdIQR?format=jpg&name=360x360']",https://twitter.com/Riesgos_Ec/status/1433533942045499397
26,Juan Valle Ô£ø,@megajuan456,2021-09-02T23:07:27.000Z,"#Ecuador !!  

As√≠ conseguimos   12 puntos vitales en casa  y nos ponemos segundos a espera del partido de:

Argentina  Venezuela 

#eliminatoriasqatar",,‚öΩ üîù üÜö,,,2,['https://pbs.twimg.com/media/E-UN1t3WUAIuA_W?format=jpg&name=small'],https://twitter.com/megajuan456/status/1433567276863823873
27,Metro Ecuador,@MetroEcuador,2021-09-02T21:33:59.000Z," Ecuador 0   Paraguay  0

 Fecha 9   #ClasificatoriaQatar2022 

Estadio  Rodrigo Paz Delgado 

 31' Saque de banda para la Tricolor. Ejecuta Pervis Estupi√±√°n.",,üÜö üóì üèÜ ‚öΩ üèü ‚è±,,1,2,[],https://twitter.com/MetroEcuador/status/1433543753537515530
28,Metro Ecuador,@MetroEcuador,2021-09-02T22:28:09.000Z," Ecuador 0  Paraguay  0

Fecha 9 #ClasificatoriaQatar2022 

Estadio  Rodrigo Paz Delgado 

 21'Ecuador pierde una valiosa oportunidad de gol",,üÜö üóì üèÜ ‚öΩ üèü ‚è±,,,1,[],https://twitter.com/MetroEcuador/status/1433557384211795974
29,Metro Ecuador,@MetroEcuador,2021-09-02T22:08:40.000Z," Ecuador 0   Paraguay  0

 Fecha 9   #ClasificatoriaQatar2022 

Estadio  Rodrigo Paz Delgado 

¬°Arranca el segundo tiempo!",,üÜö üóì üèÜ ‚öΩ üèü ‚è±,1,,1,[],https://twitter.com/MetroEcuador/status/1433552482404233216
30,Riesgos Ecuador,@Riesgos_Ec,2021-09-02T20:19:47.000Z,"ATENCI√ìN | Seg√∫n informe del 
@IGecuador
, se registran se√±ales s√≠smicas de alta frecuencia asociadas al descenso de material volc√°nico del #Sangay, debido a las precipitaciones en la zona.

Recomendamos no acercarse a orillas de los r√≠os #Upano y #Volc√°n.

#Prevenci√≥nDeRiesgosEc",,‚ö†,,35,20,['https://pbs.twimg.com/media/E-Tm8X1UYAE-ZdT?format=png&name=small'],https://twitter.com/Riesgos_Ec/status/1433525082035392513
31,LDU Centrales,@LDU_Centrales,2021-09-02T23:03:18.000Z,"Final del partido en el RODRIGO PAZ DELGADO, 
@LaTri
 se lleva 3 valiosos puntos.
Goles 
Felix Torres
Michael Estrada 

2x0
#ECUvsPAR
 Ecuador-Paraguay 

#CentralesLDU 
#LDU 

CENTRALES LDU ",,‚≠ê ‚≠ê ‚≠ê ‚≠ê,,,3,['https://pbs.twimg.com/media/E-UM4_YVkAIJAZ5?format=jpg&name=small'],https://twitter.com/LDU_Centrales/status/1433566232796614656
32,BOCA ROSA GRUPO,@GRUPOBOCAROSA,2021-09-02T23:22:00.000Z,Celebramos el triunfo de #nuestraselecci√≥n frente a #Paraguay... ¬°Que viva el #Ecuador!  #grupobocarosa #tricolor #festejo ,,‚öΩ ü•Ö,1,,2,['https://pbs.twimg.com/media/E-URKwIVQBU50S2?format=jpg&name=small'],https://twitter.com/GRUPOBOCAROSA/status/1433570935005663234
33,Jorge Giraldo,@jorgeenrique462,2021-09-02T23:10:39.000Z,"#EliminatoriasQatar2022
Ecuador venci√≥ 2-0 a Paraguay y es segundo en la tabla de posiciones con 12 puntos.",,,,,,['https://pbs.twimg.com/media/E-UOkhdWQAUnOep?format=jpg&name=small'],https://twitter.com/jorgeenrique462/status/1433568079867490305
34,DM Todo F√∫tbol,@DMTodofutbol,2021-09-02T22:57:08.000Z,"En #Eliminatorias 
FINAL
#Ecuador 2-0 #Paraguay 

TRES PUNTOS IMPORTANTES DE LOCAL",,,,,3,['https://pbs.twimg.com/media/E-ULej7UYAkOBtc?format=jpg&name=small'],https://twitter.com/DMTodofutbol/status/1433564678572032003
35,RedProTur Ecuador,@RedProTurEcuado,2021-09-02T23:15:26.000Z,"Panel 2: ‚ÄúPol√≠tica, Legislaci√≥n y Normativa Tur√≠stica en Ecuador‚Äù.
De izquierda a derecha: Iv√°n V√©lez, Yorgi Ram√≠rez, Ricardo Carrera, Carlos Garc√≠a. #Convenciontur2021",,,,1,5,['https://pbs.twimg.com/media/E-UPqcsWYAYfkp5?format=jpg&name=small'],https://twitter.com/RedProTurEcuado/status/1433569285570379801
36,La Voz del Tomebamba,@tomebamba,2021-09-02T21:00:29.000Z,"#ECUvsPAR |

Inicia el partido en el estadio  Rodrigo Paz Delgado de Quito.

  Ecuador  Paraguay ",,üèü üÜö,,1,2,['https://pbs.twimg.com/media/E-Twx5hVcBkOIaz?format=jpg&name=small'],https://twitter.com/tomebamba/status/1433535324291018756
37,Garlo,@garloEC,2021-09-02T21:16:20.000Z,"Estamos con un ojo en el trabajo y con el otro puesto en las #EliminatoriasQatar2022  Vamos 
@LaTri
 #ecuador",,üòÖ,,1,4,['https://pbs.twimg.com/media/E-T0Y3uVcAoUcBQ?format=jpg&name=small'],https://twitter.com/garloEC/status/1433539311274586113
38,Gu√≠a - Conductor Ecuador,@ecuador_guia,2021-09-02T23:12:05.000Z,NO EST√Å POR DEM√ÅS RECORDARLO...,,üëá,,2,11,['https://pbs.twimg.com/media/E-UO5fBVcAIdD7E?format=jpg&name=small'],https://twitter.com/ecuador_guia/status/1433568439344447488
39,PREMIUM,@premium0608,2021-09-02T22:03:26.000Z,"#EliminatoriasQatar2022 Ya se juega el segundo tiempo en el estadio Casa Blanca de Quito. Ecuador y Paraguay igualan sin goles.
(Foto: Conmebol)",,,,,,['https://pbs.twimg.com/media/E-T-hFAVcBY2KbL?format=jpg&name=small'],https://twitter.com/premium0608/status/1433551163853475840
40,Metro Ecuador,@MetroEcuador,2021-09-02T22:27:15.000Z," Ecuador 0  Paraguay  0

Fecha 9 #ClasificatoriaQatar2022 

Estadio  Rodrigo Paz Delgado 

 21' Tiro libre para la Tricolor",,üÜö üóì üèÜ ‚öΩ üèü ‚è±,,,,[],https://twitter.com/MetroEcuador/status/1433557157853626377
41,Metro Ecuador,@MetroEcuador,2021-09-02T22:40:29.000Z," Ecuador 0  Paraguay  0

Fecha 9 #ClasificatoriaQatar2022 

Estadio  Rodrigo Paz Delgado 

 34' Doble cambio Tricolor

 Valencia 
 Estrada  

 Mena 
 Sornoza",,üÜö üóì üèÜ ‚öΩ üèü ‚è± ‚¨Ö ‚û° ‚¨Ö ‚û°,,,,[],https://twitter.com/MetroEcuador/status/1433560488181305347
42,Saje lv's sara,@sajeggukie,2021-09-02T22:54:01.000Z,TRI DE MI VIDAAAAAAAAA,,üíå üëÖ,,1,1,[],https://twitter.com/sajeggukie/status/1433563896019763226
43,diariousach,@diariousach,2021-09-02T20:30:05.000Z,"Brasil, Ecuador y Colombia: Esta es la programaci√≥n que tendr√° nuestro pa√≠s en las Clasificatorias ¬°No lo olvides! #DiarioUsach te mantiene informado.",,‚öΩ,,,1,['https://pbs.twimg.com/media/E-Tp0jwXIAAkIwF?format=jpg&name=small'],https://twitter.com/diariousach/status/1433527672466984960
44,josuedeportivooficial,@josuedeportivo1,2021-09-02T23:05:47.000Z,"!SACO VENTAJA!
Ecuador venci√≥ 2-0 a Paraguay por la novena jornada de las Eliminatorias Catar 2022 en el Estadio Rodrigo L√≥pez
#AlientaDesdeCasa
#eliminatoriasqatar2022",,‚è≠ üèÜ ‚öΩ üèÜ üèü,,,1,['https://pbs.twimg.com/media/E-UNdEHVIAA7b4a?format=jpg&name=small'],https://twitter.com/josuedeportivo1/status/1433566854614700037
45,DIRECT F√öTBOL,@directfutbolec,2021-09-02T20:05:25.000Z,"CONFIRMADO el 11 de #Ecuador  vs #Paraguay

#EliminatoriasQatar2022
#EliminatoriasSudamericanas",,,,2,5,['https://pbs.twimg.com/media/E-TkLUoVcAg8__i?format=jpg&name=small'],https://twitter.com/directfutbolec/status/1433521467090776065
46,√Årea Deportiva FM,@AreaDeportivaFM,2021-09-02T20:14:34.000Z,"Problemas en la boleter√≠a del #RodrigoPaz previo al #Ecuador vs #Paraguay
via 
@LejoAF",,üìª üéô,,7,9,['https://pbs.twimg.com/ext_tw_video_thumb/1433523606034661376/pu/img/6JsEUZYB9a_1yHVd.jpg'],https://twitter.com/AreaDeportivaFM/status/1433523765841825794
47,‚Ä¢ Soldado Del √çdolo ‚Ä¢,@IdoloSoldado,2021-09-02T23:15:15.000Z,"¬°¬°¬°MIRA NADA M√ÅS LO QUE HIZO ESE DEMENTE!!!

MICHAEL ESTRADA MODO SELECCI√ìN 

#EcuadorVsParaguay 
#Ecuador","0:35
108.1K views
From 
Marco",,1,27,69,[],https://twitter.com/IdoloSoldado/status/1433569238606823425
48,Alejandro Pino Calad,@PinoCalad,2021-09-02T22:10:33.000Z,"Sumar en La Paz siempre ser√° bueno, pero el problema es que despu√©s del desastre de Queiroz ten√≠amos que cuadrar caja de ese 0-3 con Uruguay y ese 6-1 con Ecuador. Y a pesar de ganar 0-3 en Per√∫, todav√≠a no la cuadramos: ese -2 en gol diferencia es peligros√≠simo",,,112,96,1K,[],https://twitter.com/PinoCalad/status/1433552955324645377
49,La Hinchada Fail,@EmelecDice,2021-09-02T23:51:38.000Z,"-El peor Paraguay de la Historia !!!
-Oye no es BSC, es la Tri
-Disculpa, el mejor Ecuador que vi en mi vida 

@
@
@",,,5,64,191,[],https://twitter.com/EmelecDice/status/1433578396139802625
50,Fausto Cevallos,@faustocevallos,2021-09-02T22:58:31.000Z,"#Ecuador 2 #Paraguay 0
A seguir as√≠ 
@LaTri
 ",,üíõ üíô ‚ù§,,,1,[],https://twitter.com/faustocevallos/status/1433565026523258886
51,ARMY Ecuador ‚Å∑·¥Æ·¥±,@armys_ecuador,2021-09-02T23:16:11.000Z," RT si eres de Ecuador y est√°s alegre porque ganamos 

#MPN #BTS #ARMY #BUTTER #ButterClipe (
@BTS_twt
)",,üßà üîÉ ü•≥,,52,37,[],https://twitter.com/armys_ecuador/status/1433569472175034372
52,Pachi :),@ptmecu2801,2021-09-02T21:20:51.000Z,"Siempre con la Tri aunque me maten de iras
#EliminatoriasQatar2022",,,,,2,['https://pbs.twimg.com/media/E-T1cHlVcAYYQkw?format=jpg&name=medium'],https://twitter.com/ptmecu2801/status/1433540447608074241
53,fanshee rehabilitado,@choiscrybaby,2021-09-02T23:53:46.000Z,"Estar√© as√≠ en lo que queda del d√≠a de hoy. Luego la cambiar√© y volver√° el domingo que vuelve a jugar Ecuador.

 #NouvellePhotoDeProfil",,,1,,2,['https://pbs.twimg.com/media/E-UYcCGXoAQuyvS?format=jpg&name=240x240'],https://twitter.com/choiscrybaby/status/1433578929420476421
54,Juanfran,@juanfranleon12,2021-09-02T22:19:20.000Z,"#Ecuador #FEF y nos siguen vendiendo humo, esos muertos pecho fr√≠o",,ü¶Å,,,1,['https://pbs.twimg.com/media/E-UC0nIUcAEboV3?format=jpg&name=small'],https://twitter.com/juanfranleon12/status/1433555166297395206
55,Nicolas Arias,@nicolasariasb1,2021-09-02T21:08:40.000Z,"Pron√≥stico para esta fecha #EliminatoriasSudamericanas #Qatar2022  
Colombia suma 3 de visita 
Ecuador se hace fuerte de local
Argentina el √∫nico ganador de visita 
Peru empezar√° a levantar 
Chile dar√° el golpe de la fecha",,,,,1,['https://pbs.twimg.com/media/E-Typb2VcBsTOYK?format=jpg&name=small'],https://twitter.com/nicolasariasb1/status/1433537381232259072
56,Mary_ Madrid,@MaryAltoke,2021-09-02T20:41:37.000Z,#GraciasReborn  es tendencia en Ecuador,,üå∏ üå∏ üíï üòé,,,1,['https://pbs.twimg.com/media/E-Tsc03UYAE36NX?format=jpg&name=small'],https://twitter.com/MaryAltoke/status/1433530573717336070
57,Random Tri Color,@random_tri,2021-09-02T22:00:03.000Z,"0x863027
0x41AD01
0x9816C4",,,,,,['https://pbs.twimg.com/media/E-T-aiNWEAwcPbb?format=png&name=small'],https://twitter.com/random_tri/status/1433550314167226368
58,Cambio de frente,@CfdeportesCOL,2021-09-02T22:48:23.000Z,"Goooooool de 
@LaTri
 

Ecuador se va adelante en el final del partido ante la selecci√≥n de Paraguay.

Vibra el pa√≠s andino 

 1
 0

#EliminatoriasQatar2022 #Qatar2022 #latri",,üéô üèü üëè ü§©,,,2,['https://pbs.twimg.com/ext_tw_video_thumb/1433562429930172417/pu/img/N2lNTtp6dVdFUCBF.jpg'],https://twitter.com/CfdeportesCOL/status/1433562475706949632
59,Bernardo Chugcho,@Thebenooo,2021-09-02T21:11:15.000Z,Hoy ganamos Ecuador  #LaTrixECDF,,,,,2,['https://pbs.twimg.com/media/E-TzPVMVcBgsrSk?format=jpg&name=900x900'],https://twitter.com/Thebenooo/status/1433538032724963351
60,Amyella,@amyella66,2021-09-02T23:00:20.000Z,"Mis  Lindos  ¬°Vamos Ecuador!
#EliminatoriasQatar2022 #Ecuador",,üç´ üç´ ü§©,,,1,"['https://pbs.twimg.com/media/E-UMNK2UYAMZLw2?format=jpg&name=small', 'https://pbs.twimg.com/media/E-UMNj8VQAInEtF?format=jpg&name=small']",https://twitter.com/amyella66/status/1433565486210551808
61,Vip Noticias Ec,@VipNoticiasEc1,2021-09-02T23:04:29.000Z,"FIN DEL PARTIDO 
¬°GANA #ECUADOR! supera  a #Paraguay 2-0 con goles de F√©lix Torres y Michael Estrada.
#EliminatoriasQatar2022
 ",,‚öΩ ‚öΩ,,,1,['https://pbs.twimg.com/media/E-UNKL_VUAEN5TG?format=jpg&name=small'],https://twitter.com/VipNoticiasEc1/status/1433566527928746005
62,Belet,@braaet_,2021-09-02T21:50:57.000Z,1T a cero. Vamos mi #Tri en el segundo es todo!! #SiSePuede #Ecuador,,,,,1,[],https://twitter.com/braaet_/status/1433548023125221378
63,Jonathan Aristiz√°bal,@aristizabaljona,2021-09-02T21:35:20.000Z,"As√≠ van los primeros 30 minutos de Ecuador vs. Paraguay.

#EliminatoriasSudamericanas",GIF,,1,3,4,['https://pbs.twimg.com/tweet_video_thumb/E-T4v8sVcAUguWy.jpg'],https://twitter.com/aristizabaljona/status/1433544092412219394
64,Kevin Haro,@KevinHaro22,2021-09-02T23:08:09.000Z,"ECU 2-0 PAR 
Con 12 puntos en 7 partidos (como ahora tiene Ecuador) se clasificaron para la Copa del Mundo 6 de 8 selecciones (75%) en CONMEBOL.
Fuente : 
@2010MisterChip
#EliminatoriasQatar2022 
#EliminatoriasSudamericanas",,,,,1,[],https://twitter.com/KevinHaro22/status/1433567452223389698
65,HAT TRICK TV,@HAT_TRICK_TV,2021-09-02T20:14:43.000Z,"ALINEACI√ìN DE #ECUADOR  PARA MEDIR A #PARAGUAY 

#VamosEcuador #LaTRI
#EliminatoriasSudamericanas",,üî• ‚öΩ,,1,1,['https://pbs.twimg.com/media/E-TmTUvVcA8qbw8?format=jpg&name=small'],https://twitter.com/HAT_TRICK_TV/status/1433523806660796419
66,Mauricio Montalvo,@MMontalvoEC,2021-09-02T22:26:07.000Z,"La ayuda humanitaria del Ecuador  arrib√≥ a Hait√≠  

#JuntosLoLogramos",,,1,36,148,"['https://pbs.twimg.com/media/E-UEYF7UYBAhawq?format=jpg&name=small', 'https://pbs.twimg.com/media/E-UEYFAVQAwDsiH?format=jpg&name=360x360', 'https://pbs.twimg.com/media/E-UEYFCVQAcmSVy?format=jpg&name=360x360']",https://twitter.com/MMontalvoEC/status/1433556875459526657
67,Erick Cadena,@cadeerck,2021-09-02T20:29:59.000Z,"Vamos ecuador , hoy ganamos tricolor. #LaTrixECDF 
@ElCanalDFutbol",,,,,,['https://pbs.twimg.com/media/E-Tpy4bUYAAWjOd?format=jpg&name=small'],https://twitter.com/cadeerck/status/1433527646797901825
68,Football24/7,@foet247america,2021-09-02T22:54:12.000Z,Ecuador 2 Paraguay 0. Estrada #WCQ2022 #ECUPAR,,,,,,['https://pbs.twimg.com/media/E-UKs0KUUAAhgDP?format=png&name=small'],https://twitter.com/foet247america/status/1433563940391305235
69,Sportimba.com,@sportimba,2021-09-02T20:41:09.000Z, As√≠ forman #Ecuador y #Paraguay por la fecha 09 de las #Eliminatorias. Washington Corozo ser√° suplente - 16:00 H.R.S,,üî• üî•,,,,"['https://pbs.twimg.com/media/E-TsVx3VEAMuOjz?format=jpg&name=360x360', 'https://pbs.twimg.com/media/E-TsWjuUYAYnhu7?format=jpg&name=360x360']",https://twitter.com/sportimba/status/1433530459678461952
70,PREMIUM,@premium0608,2021-09-02T22:30:01.000Z,"#EliminatoriasQatar2022 Ecuador y Paraguay contin√∫an igualando sin goles en Quito. Se juegan 72 minutos.
(Foto: Conmebol)",,,,,,['https://pbs.twimg.com/media/E-UFIPiVcAYqFBa?format=jpg&name=small'],https://twitter.com/premium0608/status/1433557854217129994
71,Dieghoel11,@dieghoel11,2021-09-02T23:40:17.000Z,"#EliminatoriasSudamericanas

Con goles de F√©lix Torres y Michael Estrada, #Ecuador derrot√≥ a #Paraguay en #EliminatoriasQatar2022

 2  0 ",,üÜö,,,,['https://pbs.twimg.com/media/E-UVWwiWQAIP8_h?format=jpg&name=small'],https://twitter.com/dieghoel11/status/1433575539391045641
72,Edgar Yar Jr.,@EdgarYar,2021-09-02T22:23:13.000Z,"¬°VAMOS ECUADOR!  
@LaTri
 #VamosEcuador #LaTri",,üíõ üíô ‚ô•,,,,['https://pbs.twimg.com/media/E-UDs_DVQB0Jhkj?format=jpg&name=small'],https://twitter.com/EdgarYar/status/1433556142303506436
73,Pakoa,@pakoapostrebar,2021-09-02T23:25:41.000Z,"‚Ä¶.y gan√≥ La Tri
#Sunset #atPakoa en Pakoa Postre Bar https://instagram.com/p/CTVm3THMGkx/?utm_medium=twitter‚Ä¶",,‚Äº,,,,[],https://twitter.com/pakoapostrebar/status/1433571862026592258
74,Pablo,@Pablohernanfer5,2021-09-02T20:56:59.000Z,Mates y #Ecuador  - #Paraguay  ,,üêî üßâ,,,,[],https://twitter.com/Pablohernanfer5/status/1433534440299454466
75,Belet,@braaet_,2021-09-02T20:58:04.000Z,"Si hoy gana #Ecuador me hago unas 30 dominadas, 50 abds, 50 flexiones y 100 sentadillas!! #vamos Rumbo a #Qatar2022",,,,1,1,[],https://twitter.com/braaet_/status/1433534715726753796
76,Una M√°s y Te Expulso,@UmytexOficial,2021-09-02T22:06:21.000Z,"Y empieza la segunda parte del juego entre las selecciones de :
Ecuador  y Paraguay 
Que comienza con una acci√≥n de peligro para Ecuador con remate de Valencia 
#Qatar2022
#EliminatoriasSudamericanas 
#EliminatoriasQatar2022",,,,,1,[],https://twitter.com/UmytexOficial/status/1433551897277915136
77,Ecuatoriano Unido Pichincha . Direcci√≥n Provincial,@ECunido_Lista4,2021-09-02T23:12:19.000Z,"Con anotaciones de F√©lix Torres y Michael Estrada en los √∫ltimos minutos del partido, Ecuador se impuso en condici√≥n de local a Paraguay.
#EliminatoriasQatar2022",,,,,,['https://pbs.twimg.com/media/E-UO9FhXMAIqaM0?format=jpg&name=small'],https://twitter.com/ECunido_Lista4/status/1433568501223018497
78,Sportimba.com,@sportimba,2021-09-02T22:56:20.000Z," GOOOOOOOOOLAZO DE #MICHAELESTRADA A LOS 95'. #ECUADOR VENCI√ì 2-0 A #PARAGUAY Y MARCHA SEGUNDO EN LAS #ELIMINAYORIAS AH, PERO CON #PER√ö :V",,üî• üî•,,,,['https://pbs.twimg.com/media/E-ULS6zUcAELMAW?format=jpg&name=small'],https://twitter.com/sportimba/status/1433564478751260674
79,Educaci√≥n Zona 9,@EducacionZ9_Ec,2021-09-02T22:17:45.000Z,"#9MillonesDeGracias a 
@Salud_CZ9
, a todos quienes acudieron a recibir su vacuna, a quienes nos ayudaron a cumplir con la meta de vacunaci√≥n, a todo el Ecuador.

#JuntosLoLogramos 

#100PrimerosD√≠asJuntos",,,,2,4,"['https://pbs.twimg.com/media/E-UCcqVVgAMAhoZ?format=jpg&name=360x360', 'https://pbs.twimg.com/media/E-UCdFhVQA0xlZV?format=jpg&name=360x360']",https://twitter.com/EducacionZ9_Ec/status/1433554768270614529
80,9 AL √ÅREA,@9alarea,2021-09-02T23:53:53.000Z,"TRIUNFO ECUATORIANO

Aqu√≠ el post 

#9Al√Årea #Ecuador #Paraguay #Sudamerica #CONMEBOL #EliminatoriasSudamericanas",,üëá,,1,1,"['https://pbs.twimg.com/media/E-UYdK5XMAEpvQn?format=jpg&name=small', 'https://pbs.twimg.com/media/E-UYdkkXEAIXQ6Y?format=jpg&name=small']",https://twitter.com/9alarea/status/1433578961745989632
81,Kevin Haro,@KevinHaro22,2021-09-02T21:53:05.000Z,"#EcuadorVsParaguay 
Flojito primer tiempo, nada de peligro ante un rival muy pobre, que claramente vino a empatar. 
Tendr√° que mejorar mucho en el segundo tiempo . 
Ecuador  0 vs 0 Paraguay 
#EliminatoriasSudamericanas",,,,,,[],https://twitter.com/KevinHaro22/status/1433548561497665538
82,Nuestra Selecci√≥n,@NuestraSelEc,2021-09-02T21:48:48.000Z,"[EN VIVO - #EliminatoriasQatar2022]

46‚Äô Termina el PT. Ecuador no logra abrir el marcador.

 0-0  #ECUvsPAR",,,,,,['https://pbs.twimg.com/media/E-T71WMVcAAeDx8?format=jpg&name=small'],https://twitter.com/NuestraSelEc/status/1433547484421365760
83,Jos√© D√≠az,@DiazYJose,2021-09-02T23:19:36.000Z,"Pellacini Fase#1: ""El pobre es pobre porque quiere""

Pellacini Fase#2: ""La cebolla blanca baj√≥ de precio""

Pellacini Fase#3: ""A los 40 deber√≠as estar 'creando' plazas de empleo""

S√∫per Pellacini: ""En Ecuador la familia m√°s modesta tiene finca o barco""",,,9,152,318,[],https://twitter.com/DiazYJose/status/1433570333655715845
84,mediaticaec,@mediatica_ec,2021-09-02T19:41:53.000Z,"En #Portadas desde #ECUADOR: *Dialogamos con Martha Agila Palacios y Carlos Correa Granda Directores de la UTPL acerca de La UTPL celebra 45 a√±os de su Modalidad Abierta y a Distancia*

Siga en directo su programa Portadas,",,,,,,"['https://pbs.twimg.com/media/E-TewxOXMAUbSz1?format=jpg&name=small', 'https://pbs.twimg.com/media/E-TeySxXIAkp1Xz?format=jpg&name=small']",https://twitter.com/mediatica_ec/status/1433515543143854088
85,Marcas,@Marcas_LaRazon,2021-09-02T21:00:26.000Z,"#EliminatoriasQatar2022 
.
@LaRazon_Bolivia
Comienza el encuentro en #Quito entre Ecuador VS Paraguay #Fecha9",,,,,,['https://pbs.twimg.com/media/E-TwiZsVcA0aVRS?format=jpg&name=small'],https://twitter.com/Marcas_LaRazon/status/1433535309761765379
86,Dr Samuel Su√°rez,@drsamuelsuarez,2021-09-02T20:56:33.000Z,"Quisiera estar all√° apoy√°ndote 
@selevinotinto
 pero desde la distancia te digo  #VamosVinotinto
#manotengofe 
#lapizarradepetro
 en Guayaquil, Ecuador https://instagram.com/p/CTVVzHFlNyd/?utm_medium=twitter‚Ä¶",,‚ô• üç∑ üíõ üíô ‚ù§ ‚öΩ,,,,[],https://twitter.com/drsamuelsuarez/status/1433534331629326338
87,Juan Carlos Padilla Figueroa,@JuanCarlosPadiF,2021-09-02T20:09:16.000Z,Alineaci√≥n de #Paraguay vs #Ecuador,,,,,2,['https://pbs.twimg.com/media/E-TlDkGVIAQZOR4?format=jpg&name=small'],https://twitter.com/JuanCarlosPadiF/status/1433522434087415811
88,C√©sar R. Bedoya M.,@ces1988,2021-09-02T22:15:54.000Z,Son in√∫tiles!!  #Ecuador #par,,,,,,[],https://twitter.com/ces1988/status/1433554302849720322
89,Ecuador Noticias,@EcuadorWillana,2021-09-02T22:50:25.000Z,#Ecuador Ecuador envi√≥ un lote de ayuda humanitaria a Hait√≠ - https://ecuadorwillana.com/2021/09/02/ecuador-envio-un-lote-de-ayuda-humanitaria-a-haiti/‚Ä¶,,,,,,['https://pbs.twimg.com/media/E-UJ8JoUcAY5FIX?format=jpg&name=small'],https://twitter.com/EcuadorWillana/status/1433562988921843715
90,Intermediaecuador,@Intermediaec,2021-09-02T23:08:56.000Z,"#ATENCI√ìN  I Espectacular Victoria de #Ecuador ante Paraguay 2 x 0 en #EliminatoriasSudamericanas rumbo al Mundial de Catar 
Goles de Torres y Estrada",,,,,,['https://pbs.twimg.com/media/E-UOLPWWQAM-SWW?format=jpg&name=small'],https://twitter.com/Intermediaec/status/1433567650014191625
91,A N T H O N Y,@BscThony,2021-09-02T22:00:30.000Z,"Lo mejor de Ecuador 

#ByronCastillo 
#EliminatoriasQatar2022",,,,1,,['https://pbs.twimg.com/media/E-T-hGTVcBMLDH6?format=jpg&name=small'],https://twitter.com/BscThony/status/1433550428579393570
92,Daniel,@Daniel53915403,2021-09-02T19:54:59.000Z,"#LaTrixECDF HOY ECU 3 PAR 0 
GOLES GONZALO PLATA DOBLETE DE ENNER VALENCIA
VAMOS MI ECUADOR",,,,,3,['https://pbs.twimg.com/media/E-ThwbHXsAQCdvM?format=jpg&name=small'],https://twitter.com/Daniel53915403/status/1433518838449049600
93,Esteban Araus Coronado,@estebanaraco,2021-09-02T22:55:09.000Z,"VICTORIA AG√ìNICA .

Ecuador derrot√≥ por dos a cero a Paraguay en Quito. Las anotaciones fueron obra de F√©lix Torres (89') y Michael Estrada (90+5'). Se ubican en el segundo puesto de la tabla con 12 puntos.

#EliminatoriasSudamericanas #Conmebol #FIFA",,,,,,['https://pbs.twimg.com/media/E-ULBijVQAEBjSU?format=jpg&name=small'],https://twitter.com/estebanaraco/status/1433564180087455744
94,Henryu,@beatlehenry,2021-09-02T20:07:55.000Z,#EliminatoriasQatar2022 Ecuador Ecuador mi pa√≠s,,,,,,['https://pbs.twimg.com/media/E-TkvoYVQAABYJR?format=jpg&name=small'],https://twitter.com/beatlehenry/status/1433522092536856577
95,Johnson S√°enz,@JohnsonSaenz,2021-09-02T20:12:19.000Z,El 11 titular de #Ecuador ante #Paraguay,,,,,,['https://pbs.twimg.com/media/E-TlwUyVgAEL2pi?format=jpg&name=medium'],https://twitter.com/JohnsonSaenz/status/1433523201980571648
96,WillianHerreraL,@WillianArturoH2,2021-09-02T20:34:06.000Z,El equipo de Paraguay que enfrenta a Ecuador #EliminatoriasSudamericanas,,,,,,['https://pbs.twimg.com/media/E-Tqo2aVcAUbynh?format=jpg&name=small'],https://twitter.com/WillianArturoH2/status/1433528683675807745
97,Oscar,@Orozckar_1991,2021-09-02T22:49:13.000Z,"Golazoooooo hp, vamos Ecuador, si se puede
@LaTri
#EliminatoriasQatar2022
#ECUvsPAR",,,,,2,[],https://twitter.com/Orozckar_1991/status/1433562687011651584
98,La Caprichosa Sports,@CaprichosaSport,2021-09-02T21:51:29.000Z,"¬°TERMINA LA PRIMERA MITAD! 

#Ecuador  iguala sin goles ante #Paraguay 

¬øQue cambios debe hacer el profe Alfaro para el segundo tiempo? 

 
@LaTri",,üì∏,,,,['https://pbs.twimg.com/media/E-T8cznVkAEIdLB?format=jpg&name=small'],https://twitter.com/CaprichosaSport/status/1433548156009017374
99,LA VOZ DE DAULE,@LAVOZDEDAULE,2021-09-02T19:33:54.000Z,"Atento #Ecuador 

‚Äç Los exportadores de camar√≥n, banano, cacao y pl√°tano apoyan el acercamiento del presidente 
@LassoGuillermo
 con su hom√≥logo chino, Xi Jinping, para  fortalecer la cooperaci√≥n bilateral y analizar un posible acuerdo de libre comercio con ese pa√≠s.",,üëÅ üó®,,,2,"['https://pbs.twimg.com/media/E-Tc9YaWQAM8ote?format=jpg&name=360x360', 'https://pbs.twimg.com/media/E-Tc9jUWUAIt9Ou?format=jpg&name=360x360']",https://twitter.com/LAVOZDEDAULE/status/1433513533032042503
100,Melissa,@Melissa04602756,2021-09-02T22:51:48.000Z,Goolllll vamos #Ecuador si se puede.................. !!!!!!!,,,,,2,['https://pbs.twimg.com/media/E-UKQbuVEAAjDDP?format=jpg&name=small'],https://twitter.com/Melissa04602756/status/1433563335593705472
101,Christopher Bayas,@christoherb,2021-09-02T22:49:09.000Z,"Gooooool vamos #Ecuador mi Pa√≠s 
#EliminatoriasQatar2022",,,,,1,[],https://twitter.com/christoherb/status/1433562668846104585
102,Fuente Deportiva,@deportiva2021,2021-09-02T23:02:42.000Z,#EliminatoriasSudamericanas Ecuador cosecha un triunfo de oro ante Paraguay,,,,,,['https://pbs.twimg.com/media/E-UMulKUUAEi2j-?format=jpg&name=small'],https://twitter.com/deportiva2021/status/1433566080341983235
103,DIARIO HERNAN MIX,@NOTICIASESMERA1,2021-09-02T21:33:15.000Z,"Minuto 30' 32'
0-0 #ecuador vs #Paraguay",,üì∞ üåé,,,1,['https://pbs.twimg.com/media/E-T4FclVcCwhDUo?format=png&name=small'],https://twitter.com/NOTICIASESMERA1/status/1433543569722122242
104,SEBASTIAN CASTILLO,@shabitafly,2021-09-02T19:31:59.000Z,vamos Tri si se puede con huevos muchachos #LaTrixECDF,,,,1,2,['https://pbs.twimg.com/media/E-TchimWQAQGH3z?format=jpg&name=small'],https://twitter.com/shabitafly/status/1433513052545159170
105,Vladimir C√°rdenas,@VladCard8,2021-09-02T22:58:48.000Z,"#Ecuador 2 - Paraguay 0. E
@CONMEBOL
 #Eliminatorias #EliminatoriasSudamericanas  #EliminatoriasQatar2022",,,,,1,['https://pbs.twimg.com/media/E-UL2-4VQBQjkQy?format=jpg&name=small'],https://twitter.com/VladCard8/status/1433565098694508547
106,Gabriela Franco,@GabrielaFrancoR,2021-09-02T22:57:39.000Z,Estrada !!! Te AME!!!! #EcuadorVsParaguay #Ecuador ,,üòç üòç üòç üòç üòç üòç üòç üòç,,,,[],https://twitter.com/GabrielaFrancoR/status/1433564810990469122
107,Portal Deportivo,@PortalDeportiEC,2021-09-02T21:50:11.000Z,"Termina el primer tiempo de #Ecuador vs #Paraguay 
Los √∫ltimos 15 la Tri consigui√≥ varias llegadas, el equipo visitante cerro bien los espacios",,,,,,[],https://twitter.com/PortalDeportiEC/status/1433547829914464351
108,JAPANIPOP,@Japanipop,2021-09-02T19:32:20.000Z,En venta camisetas sublimadas talla M $20 cada una  WhatsApp 0978737526 #jiban #fashionstyle #outfits #otakusec #otakus #japanipopstore #Guayaquil #Ecuador #moda,,,,,,"['https://pbs.twimg.com/media/E-TcmlQXEAA8LNx?format=jpg&name=360x360', 'https://pbs.twimg.com/media/E-Tcmv_XMAokB0m?format=jpg&name=360x360']",https://twitter.com/Japanipop/status/1433513141426659333
109,Ernesto Fuentes,@Efuentesec,2021-09-02T22:55:31.000Z,"No hablaron de la Banca, cr√©ditos, baja de tasas, del desempleo, de la reactivaci√≥n post pandemia, de medidas apoyo EMERGENTE para evitar quiebra de Mipymes, etc. Se fueron por las ramas, en trivialidades. Falt√≥ contenido Don Alfonso y Presidente Lasso. 
@LassoGuillermo
 #Ecuador",,,1,18,21,[],https://twitter.com/Efuentesec/status/1433564271409971200
110,Jossue Villalta 10,@jossue_villalta,2021-09-02T23:08:49.000Z,Y AHORAAAAAA? Y AHORAAAAAA? Que dir√°n? GRACIAS BYRON CASTILLO POR DEMOSTRAR LOS HUEVOS DE UN ECUATORIANO! POR SUDAR LA CAMISETA ! SOLO T√ö SABES CUANTO LLORASTE Y BATALLASTE ! TE MERECES ESO Y MUCHO M√ÅS ! #LaTri #EcuadorVsParaguay #EliminatoriasQatar2022 #Ecuador,,,,2,8,['https://pbs.twimg.com/media/E-UOJlxWUAAvW1Z?format=jpg&name=medium'],https://twitter.com/jossue_villalta/status/1433567621182525442
111,Garmo Click,@ClickGarmo,2021-09-02T21:16:06.000Z,"Esta noche, la  Selecci√≥n Mexicana 
@miseleccionmx
   comenzar√° su camino rumbo a #Qatar2022. Tendr√° su debut en las Eliminatorias #Concacaf, ante Jamaica en punto de las 9 de la noche.","ARRANCA TRI LAS ELIMINATORIAS RUMBO A QATAR 2022
Esta noche, la Selecci√≥n Mexicana comenzar√° su camino rumbo a Qatar 2022. Tendr√° su debut en las Eliminatorias Concacaf, ante Jamaica en punto de las 9 de la noche. Gerardo Martino ya tiene confirm...
garmoclick.com",,,,,['https://pbs.twimg.com/card_img/1433538959838257152/wiir-Qiw?format=jpg&name=small'],https://twitter.com/ClickGarmo/status/1433539254588788736
112,Bruh,@IronSua,2021-09-02T21:13:48.000Z,"Ecuador juega con linea de 3 atras. Leon, Arreaga y Torres. Primer partido de Eliminatorias que sale del esquema 442. Saludos para Pipa  
@Grillodelgol
  #ClasificatoriasXCHV",,,,,,[],https://twitter.com/IronSua/status/1433538672964497410
113,Una M√°s y Te Expulso,@UmytexOficial,2021-09-02T20:57:29.000Z,"Alineaciones de
 Paraguay  y Ecuador 
#Qatar2022 
#EliminatoriasSudamericanas #EliminatoriasQatar2022",,,,,,"['https://pbs.twimg.com/media/E-TwFTuVEAY9zdN?format=jpg&name=360x360', 'https://pbs.twimg.com/media/E-TwFxoVIAEaRVv?format=jpg&name=360x360']",https://twitter.com/UmytexOficial/status/1433534567407919106
114,@JokerBSC 16,@JokerBSC,2021-09-02T22:41:54.000Z,"Los Jugadores de Paraguay contra Ecuador 

#EcuadorVsParaguay #Eliminatorias",,üåü üåü,1,9,23,['https://pbs.twimg.com/media/E-UH_llVgAMGNv9?format=jpg&name=small'],https://twitter.com/Joker_BSC/status/1433560847419199488
115,vissionalien,@vissionalien,2021-09-02T21:09:43.000Z,"#Nacional El Ecuador de Lasso 

#GobiernoDelEncuentro #Pachakutik #AsambleaNacional #GuillermoLasso",,üö® üö®,,,,['https://pbs.twimg.com/media/E-Ty39EVgAMD3nl?format=jpg&name=small'],https://twitter.com/vissionalien/status/1433537647935299585
116,Krow Sports,@KrowSports,2021-09-02T22:56:08.000Z," #EliminatoriasCONMEBOL 
 Jornada 
Estadio Rodrigo Delgado 
Ecuador  Paraguay x Torres 88', Estrada 95'. 
Resultado Final 
 Brasil 18
Ecuador 12
Argentina 12
6. Paraguay 7",,‚öΩ ‚öΩ ‚≠ê üèÜ ‚≠ê ‚öΩ üü°,,,,['https://pbs.twimg.com/media/E-ULP3dVIAEkQAu?format=jpg&name=small'],https://twitter.com/KrowSports/status/1433564425596907520
117,ùîªùï£. ùïÑùïíùïüùïôùïíùï•ùï•ùïíùïü,@jobet,2021-09-02T22:15:38.000Z,"Qu√© nivel el de Gaibor frente a Paraguay. 

#Ecuador",,üêö,,,1,['https://pbs.twimg.com/media/E-UB-tGVEAMNCMK?format=jpg&name=small'],https://twitter.com/jobet/status/1433554235778555904
118,Jean,@Jean_7jene,2021-09-02T22:48:33.000Z,Goooooooool de mi pa√≠s gooooool vamos  #Ecuador #Latri,,,,,1,[],https://twitter.com/Jean_7jene/status/1433562520359342082
119,Gonzalo Herrera,@lgonzaloherrera,2021-09-02T22:58:35.000Z,"#EliminatoriasQatar2022 

#EliminatoriasCONMEBOL- Fecha 9

Ecuador 2 - Paraguay 0",,,,,,[],https://twitter.com/lgonzaloherrera/status/1433565042985746443
120,Revista Infogu√≠a Ecuador,@InfoguiaEcuador,2021-09-02T23:53:29.000Z,"#QUITO  y su belleza  #centrohistorico 
#quitoecuador  #quitoturismo",,,,,,['https://pbs.twimg.com/media/E-UYX8yX0AQydFS?format=jpg&name=small'],https://twitter.com/InfoguiaEcuador/status/1433578859304263684
121,Jostin Pereira,@JostinPereira3,2021-09-02T21:18:21.000Z,Reborn tendencia en Ecuador  #GraciasReborn por todo.,,‚ú®,,,,['https://pbs.twimg.com/media/E-T03a2VcAQj4Qx?format=jpg&name=small'],https://twitter.com/JostinPereira3/status/1433539817527255047
122,Teleradio 1350 AM,@teleradioec,2021-09-02T20:09:45.000Z,"¬°EL EQUIPO DE TODOS!

Este es el once de #Ecuador para recibir a #Paraguay en el estadio Rodrigo Paz, por la Fecha 9 de #EliminatoriasSudamericanas",,üìù,,4,,['https://pbs.twimg.com/media/E-TlKoIXEAEpotY?format=jpg&name=small'],https://twitter.com/teleradioec/status/1433522554627444737
123,Gan√≥ la Tri,@V12THG31,2021-09-02T22:41:57.000Z,ya fue  entrar√© ENOJADA a la clase,,üëÖ ü¶ï üå± üò† üò† üò†,,,2,['https://pbs.twimg.com/media/E-UIARXVIAIBq_K?format=jpg&name=360x360'],https://twitter.com/V12THG31/status/1433560860073488385
124,EL 7 HIJOS,@Patocisneros_ec,2021-09-02T20:58:05.000Z,Vamos mi Ecuador del alma!!!  #LaTrixECDF,"The following media includes potentially sensitive content. Change settings
View",,,,1,[],https://twitter.com/Patocisneros_ec/status/1433534719451275265
125,Ani || GAN√ì ECUADOR,@ani_aldas28,2021-09-02T23:10:34.000Z,HOY SE CHUPA PORQIE ECUADOR GAN√ì,,üíõ üíô ‚ù§,1,4,8,['https://pbs.twimg.com/media/E-UOjRvVcAAuzPH?format=jpg&name=small'],https://twitter.com/ani_aldas28/status/1433568061341249540
126,Andr√©s Morales,@AndresMorales_C,2021-09-02T20:23:51.000Z,"#Ecuador y #Paraguay en cancha para el duelo de las 16:00. 

Entrada en calor..",,,,,,"['https://pbs.twimg.com/media/E-ToYnkUUAIimcC?format=jpg&name=small', 'https://pbs.twimg.com/media/E-ToZMjVkAEehem?format=jpg&name=small']",https://twitter.com/AndresMorales_C/status/1433526104095027204
127,Dante Antonio Lima,@dantelima24,2021-09-02T20:19:40.000Z,#EliminatoriasSudamericanas As√≠ forman #Ecuador y #Paraguay.,,,,,,"['https://pbs.twimg.com/media/E-TnbjiVcAMDNsS?format=jpg&name=360x360', 'https://pbs.twimg.com/media/E-Tnb-5VIAYi6LZ?format=jpg&name=360x360']",https://twitter.com/dantelima24/status/1433525051932958720
128,JRE Ecuador,@JRE_Ecuador,2021-09-02T23:21:17.000Z,"FELICITAMOS A LA SELECCI√ìN, pero hay cosas que no se olvidan.
#Ecuador #EcuadorVsParaguay #EliminatoriasQatar2022",,,,3,13,['https://pbs.twimg.com/media/E-URASdWQAI-63s?format=jpg&name=small'],https://twitter.com/JRE_Ecuador/status/1433570755254669313
129,El √∫ltimo espartano,@espartan_300,2021-09-02T21:16:31.000Z,"VAMOS ECUADOR CARAJO!!! 

Por gusto 

#LaTri #EliminatoriasQatar2022  #EcuadorVsParaguay",,üòí,,,,['https://pbs.twimg.com/media/E-T0cSuVUAIyWU9?format=jpg&name=small'],https://twitter.com/espartan_300/status/1433539356069933056
130,Adolfokastro,@adolfocastrob,2021-09-02T23:06:28.000Z,"Gool de Estrada , #Ecuador  2 & #Paraguay 0 #EliminatoriasSudamericanas","0:33
51 views",,,,,[],https://twitter.com/adolfocastrob/status/1433567027789185029
131,HAT TRICK TV,@HAT_TRICK_TV,2021-09-02T23:21:37.000Z,"¬°PASO A PASO MUCHACHOS!

Ecuador se queda con los 3 puntos en casa.

#SiSePuede #Eliminatorias #Qatar2022 #CONMEBOL",,üî• ‚öΩ,,,,['https://pbs.twimg.com/media/E-URFTjXsAksDFu?format=jpg&name=small'],https://twitter.com/HAT_TRICK_TV/status/1433570842164801537
132,CorazonyPasesCortos,@CorazonyPases,2021-09-02T20:30:01.000Z,#EliminatoriasQatar2022 | Formaciones de #Ecuador y #Paraguay.,,,,1,,"['https://pbs.twimg.com/media/E-Tpp8qVEAAKDv1?format=jpg&name=360x360', 'https://pbs.twimg.com/media/E-TptMZUYAA5fFW?format=jpg&name=360x360']",https://twitter.com/CorazonyPases/status/1433527656788606976
133,Anthony Arce,@AnthonyArkien17,2021-09-02T22:14:52.000Z,"#Ecuador sali√≥ m√°s enchufado, con m√°s chispa, con ganas.
Cambios ChiquiXPervis y PlatitaxRojas.
#EliminatoriasQatar2022",,,,,,[],https://twitter.com/AnthonyArkien17/status/1433554041691332610
134,A N T H O N Y,@BscThony,2021-09-02T22:06:23.000Z,"Todo el Ecuador lo pide 
@LaTri
 #GPlata
#EliminatoriasSudamericanas #EliminatoriasQatar2022",,,,,,['https://pbs.twimg.com/media/E-T_3LEVcA06DTA?format=jpg&name=small'],https://twitter.com/BscThony/status/1433551907495157760
135,ùô≥ùöäùôªùöéùö°ùöÅ,@romerod88,2021-09-02T23:03:46.000Z,"No s√© ustedes pero yo me quedo con esta imagen. 

Grande mi #Ecuador 
#EliminatoriasQatar2022 ",,,,,1,['https://pbs.twimg.com/media/E-UM_VKUcAE_g4X?format=jpg&name=small'],https://twitter.com/romerod88/status/1433566347083108353
136,Una M√°s y Te Expulso,@UmytexOficial,2021-09-02T20:53:26.000Z,"Hoy por las Eliminatorias Sudamericanas 
Ecuador vs Paraguay
Hoy a las 16:00
#Qatar2022 
#EliminatoriasSudamericanas 
#EliminatoriasQatar2022",,,,,,['https://pbs.twimg.com/media/E-TvKdKVcAMKAXq?format=jpg&name=small'],https://twitter.com/UmytexOficial/status/1433533546925334532
137,Andrew RuizR,@AndrewRuizR,2021-09-02T22:46:59.000Z,#Ecuador 0  #Paraguay 0 en 87 minutos #EliminatoriasQatar2022,,,,,,['https://pbs.twimg.com/media/E-UJJuvUcAc2vyd?format=jpg&name=small'],https://twitter.com/AndrewRuizR/status/1433562123293048832
138,Patriota Ecuador #ConLaMafiaNoTeUnes,@patriotaEcuador,2021-09-02T23:57:27.000Z,"APOYEN A FERNANDO VILLAVICENCIO #EcuadorEsFernandoVillavicencio
#FueraCerdayBella
#EcuadorApoyaAVillavicencio
#EcuadorEsFernandoVillavicencio
#FueraCerdayBella
#EcuadorApoyaAVillavicencio",,ü•ä,1,2,2,"['https://pbs.twimg.com/media/E-UZRsbXIAAx3Km?format=jpg&name=360x360', 'https://pbs.twimg.com/media/E-UZSQiXsAAaiVI?format=jpg&name=360x360']",https://twitter.com/patriotaEcuador/status/1433579860111282177
139,DM Todo F√∫tbol,@DMTodofutbol,2021-09-02T20:16:18.000Z,"Alineaci√≥n #Ecuador 
@LaTri",,,1,,,['https://pbs.twimg.com/media/E-TmqqVVcBsYz5a?format=jpg&name=small'],https://twitter.com/DMTodofutbol/status/1433524204918304768
140,Jonnathan Sanmartin,@monigo7e,2021-09-02T23:21:52.000Z,#EliminatoriasQatar2022 #LaTri #EcuadorVsParaguay  belleza carajo Bien Ecuador  nada como vivirlo en el estadio,,,,,4,['https://pbs.twimg.com/ext_tw_video_thumb/1433570703979200517/pu/img/8nw1JyYbqNo4Vy7L.jpg'],https://twitter.com/monigo7e/status/1433570905112948737
141,DM Todo F√∫tbol,@DMTodofutbol,2021-09-02T21:01:01.000Z,"ARRANCA el partido!!!!
#Ecuador - #Paraguay",GIF,,,,,['https://pbs.twimg.com/tweet_video_thumb/E-Tw2cbVcBAd0QY.jpg'],https://twitter.com/DMTodofutbol/status/1433535456440832002
142,Cecy,@CecyGonzalezok,2021-09-02T22:47:10.000Z,"#EliminatoriasEnTyCSports mirando el partido de Ecuador  Paraguay  por canal  
@TyCSports
 ",,üå∏ üå∏ üÜö üòÅ üòé,,,,['https://pbs.twimg.com/ext_tw_video_thumb/1433561906040561670/pu/img/lIr-JJiotMiKpqVz.jpg'],https://twitter.com/CecyGonzalezok/status/1433562169505878016
143,UV TELEVISI√ìN.,@UVtelevision,2021-09-02T19:38:24.000Z,"#ECUADOR | Se niega la acci√≥n de protecci√≥n que present√≥ #FreddyCarri√≥n en contra de 
@VillaFernando_
.","1:13
28 views",,,,,[],https://twitter.com/UVtelevision/status/1433514666513379336
144,Gustavo Mateus Acosta,@GustavoMateusA,2021-09-02T19:54:48.000Z,".
@LassoGuillermo
 desconoce la realidad que vive nuestro pa√≠s, #Ecuador va m√°s all√° de su entorno millonario. Los indicadores de pobreza, desempleo y migraci√≥n aumentan cada d√≠a. Gobierne para los ecuatorianos modestos, s√≥lo due√±os del hambre, la desesperaci√≥n y el desempleo!",,,14,43,54,['https://pbs.twimg.com/ext_tw_video_thumb/1433518252014047232/pu/img/blbT1opIhl7MSy4L.jpg'],https://twitter.com/GustavoMateusA/status/1433518793171558412
145,Leonora,@LeonoraPatrici1,2021-09-02T20:57:26.000Z,"#sismo M4.3,  Peru-ecuador Border Region.",,,,,,['https://pbs.twimg.com/media/E-TwFEzXEAEgZEs?format=jpg&name=small'],https://twitter.com/LeonoraPatrici1/status/1433534554011275267
146,UV TELEVISI√ìN.,@UVtelevision,2021-09-02T19:38:24.000Z,"#ECUADOR | Se niega la acci√≥n de protecci√≥n que present√≥ #FreddyCarri√≥n en contra de 
@VillaFernando_
.","28 views
0:03 / 1:15",,,,,[],https://twitter.com/UVtelevision/status/1433514666513379336
147,david lema,@1_Boldalem,2021-09-02T21:39:28.000Z,"#EliminatoriasEnTyCSports la raz√≥n por la cual no fue todo el aforo permitido para el partido Ecuador vs Paraguay, es por los excesivos precios q se pusieron.",,,,,1,['https://pbs.twimg.com/media/E-T5suEVUAEvuUB?format=jpg&name=small'],https://twitter.com/1_Boldalem/status/1433545132540710912
148,Deporte Manaba,@DeporteManaba,2021-09-02T20:27:32.000Z,"Formaciones de #Ecuador y #Paraguay.
#EliminatoriasSudamericanas",,,,,,"['https://pbs.twimg.com/media/E-TpOAdUUAAlj7a?format=jpg&name=360x360', 'https://pbs.twimg.com/media/E-TpOvBVcAQNiBN?format=jpg&name=360x360']",https://twitter.com/DeporteManaba/status/1433527029832601605
